﻿Designator,Footprint,Quantity,Value,LCSC Part #
C1,CP_EIA-1608-08_AVX-J,1,10u,
"C10, C3, C4, C5",0402,4,0.1uF,
"C11, C12",0402,2,Ceramic 12 pF ± 5%,
C2,CP_EIA-1608-08_AVX-J,1,22u,
"C6, C7, C8",0402,3,1uF >0.1O,
C9,0402,1,10uF,
D1,SOTFL35P100X50-3N,1,TPD2EUSB30DRTR,C5182099
D2,0805,1,LED,
F1,0805,1,Polyfuse,
IC1,QFN50P600X600X90-37N-D,1,USB2244I-AEZG-06-TR,
J1,TF-015,1,Micro_SD_Card_Det1,C113206
J2,USB_A_Receptacle_GCT_USB1046,1,USB_A,C5393
R1,0603,1,1M,
"R10, R3, R8, R9",0402,4,10k,
R2,0402,1,90,
"R4, R5",0402,2,15,
R6,0402,1,12k 1%,
R7,0402,1,1k,
U1,SOT-223-3_TabPin2,1,LM1117MP-3.3,
Y2,Crystal_SMD_2016-4Pin_2.0x1.6mm,1,Crystal 24MHz (±350 ppm),C2965580
